keyAccount;storage;Peso da dichiarare (in Kg);combinedType;Escludi ordini inferiori a: (in Kg);Peso dichiarato totale (in Kg);Ordine;Origine;Fine trasporto;Prodotto;Peso disponibile (kg);Peso dichiarato (kg);Selezionato
Ecotyre Scrl;Impianto di Irigom S.r.l.;1;Ciabattato (50-100mm);;1;ET26137096;PRODUTTORE 001;24/08/2026;.class1;100;1;sì
Ecotyre Scrl;Impianto di Irigom S.r.l.;1;Ciabattato (50-100mm);;1;ET26137763;PRODUTTORE 002;24/08/2026;.class1;3.340;0;no
Ecotyre Scrl;Impianto di Irigom S.r.l.;1;Ciabattato (50-100mm);;1;ET26018038;PRODUTTORE 003;25/08/2026;.class1;4.500;0;no
Ecotyre Scrl;Impianto di Irigom S.r.l.;1;Ciabattato (50-100mm);;1;ET26023103;PRODUTTORE 004;25/08/2026;.class1;4.300;0;no
Ecotyre Scrl;Impianto di Irigom S.r.l.;1;Ciabattato (50-100mm);;1;ET26119356;PRODUTTORE 005;25/08/2026;.class1;9.100;0;no
Ecotyre Scrl;Impianto di Irigom S.r.l.;1;Ciabattato (50-100mm);;1;ET25162586;PRODUTTORE 006;26/08/2026;.class1;2.940;0;no
Ecotyre Scrl;Impianto di Irigom S.r.l.;1;Ciabattato (50-100mm);;1;ET25177613;PRODUTTORE 007;26/08/2026;.class1;6.080;0;no
Ecotyre Scrl;Impianto di Irigom S.r.l.;1;Ciabattato (50-100mm);;1;ET25183047;PRODUTTORE 008;26/08/2026;.class1;1.800;0;no
Ecotyre Scrl;Impianto di Irigom S.r.l.;1;Ciabattato (50-100mm);;1;ET25190869;PRODUTTORE 009;26/08/2026;.class1;2.000;0;no
Ecotyre Scrl;Impianto di Irigom S.r.l.;1;Ciabattato (50-100mm);;1;ET25190876;PRODUTTORE 010;26/08/2026;.class2;1.960;0;no
Ecotyre Scrl;Impianto di Irigom S.r.l.;1;Ciabattato (50-100mm);;1;ET26137106;PRODUTTORE 011;26/08/2026;.class1;4.140;0;no
Ecotyre Scrl;Impianto di Irigom S.r.l.;1;Ciabattato (50-100mm);;1;SEC26138673;PRODUTTORE 012;26/08/2026;.class1;14.200;0;no
Ecotyre Scrl;Impianto di Irigom S.r.l.;1;Ciabattato (50-100mm);;1;ET25063238;PRODUTTORE 013;27/08/2026;.class2;10.500;0;no
Ecotyre Scrl;Impianto di Irigom S.r.l.;1;Ciabattato (50-100mm);;1;ET25098372;PRODUTTORE 014;27/08/2026;.class1;5.040;0;no
Ecotyre Scrl;Impianto di Irigom S.r.l.;1;Ciabattato (50-100mm);;1;ET25041091;PRODUTTORE 015;28/08/2026;.class1;1.900;0;no
Ecotyre Scrl;Impianto di Irigom S.r.l.;1;Ciabattato (50-100mm);;1;ET25041101;PRODUTTORE 016;28/08/2026;.class2;2.500;0;no
Ecotyre Scrl;Impianto di Irigom S.r.l.;1;Ciabattato (50-100mm);;1;ET25134665;PRODUTTORE 017;28/08/2026;.class1;700;0;no
Ecotyre Scrl;Impianto di Irigom S.r.l.;1;Ciabattato (50-100mm);;1;ET25147779;PRODUTTORE 018;28/08/2026;.class2;840;0;no
Ecotyre Scrl;Impianto di Irigom S.r.l.;1;Ciabattato (50-100mm);;1;ET25153189;PRODUTTORE 019;28/08/2026;.class1;5.900;0;no
Ecotyre Scrl;Impianto di Irigom S.r.l.;1;Ciabattato (50-100mm);;1;ET25219547;PRODUTTORE 020;28/08/2026;.class1;3.300;0;no
Ecotyre Scrl;Impianto di Irigom S.r.l.;1;Ciabattato (50-100mm);;1;ET26100232;PRODUTTORE 021;28/08/2026;.class1;1.500;0;no
Ecotyre Scrl;Impianto di Irigom S.r.l.;1;Ciabattato (50-100mm);;1;SEC26139393;PRODUTTORE 022;28/08/2026;.class1;14.820;0;no
Ecotyre Scrl;Impianto di Irigom S.r.l.;1;Ciabattato (50-100mm);;1;ET26139844;PRODUTTORE 023;28/08/2026;.class1;1.200;0;no
Ecotyre Scrl;Impianto di Irigom S.r.l.;1;Ciabattato (50-100mm);;1;ET26139859;PRODUTTORE 024;28/08/2026;.class1;2.480;0;no
Ecotyre Scrl;Impianto di Irigom S.r.l.;1;Ciabattato (50-100mm);;1;ET25105443;PRODUTTORE 025;31/08/2026;.class1;4.500;0;no
Ecotyre Scrl;Impianto di Irigom S.r.l.;1;Ciabattato (50-100mm);;1;ET25134341;PRODUTTORE 026;31/08/2026;.class1;1.600;0;no
Ecotyre Scrl;Impianto di Irigom S.r.l.;1;Ciabattato (50-100mm);;1;ET25181818;PRODUTTORE 027;31/08/2026;.class1;3.560;0;no
Ecotyre Scrl;Impianto di Irigom S.r.l.;1;Ciabattato (50-100mm);;1;ET25223707;PRODUTTORE 028;31/08/2026;.class1;6.200;0;no
Ecotyre Scrl;Impianto di Irigom S.r.l.;1;Ciabattato (50-100mm);;1;ET26062424;PRODUTTORE 029;31/08/2026;.class1;2.760;0;no
Ecotyre Scrl;Impianto di Irigom S.r.l.;1;Ciabattato (50-100mm);;1;ET26089540;PRODUTTORE 030;31/08/2026;.class1;4.260;0;no
Ecotyre Scrl;Impianto di Irigom S.r.l.;1;Ciabattato (50-100mm);;1;SEC26140613;PRODUTTORE 031;31/08/2026;.class1;14.780;0;no
Ecotyre Scrl;Impianto di Irigom S.r.l.;1;Ciabattato (50-100mm);;1;ET26140860;PRODUTTORE 032;31/08/2026;.class1;1.980;0;no
Ecotyre Scrl;Impianto di Irigom S.r.l.;1;Ciabattato (50-100mm);;1;ET25174296;PRODUTTORE 033;01/09/2026;.class1;4.340;0;no
Ecotyre Scrl;Impianto di Irigom S.r.l.;1;Ciabattato (50-100mm);;1;ET25177286;PRODUTTORE 034;01/09/2026;.class1;4.600;0;no
Ecotyre Scrl;Impianto di Irigom S.r.l.;1;Ciabattato (50-100mm);;1;ET26135783;PRODUTTORE 035;01/09/2026;.class1;2.200;0;no
Ecotyre Scrl;Impianto di Irigom S.r.l.;1;Ciabattato (50-100mm);;1;ET26135796;PRODUTTORE 036;01/09/2026;.class2;2.180;0;no
Ecotyre Scrl;Impianto di Irigom S.r.l.;1;Ciabattato (50-100mm);;1;ET26140168;PRODUTTORE 037;01/09/2026;.class1;2.140;0;no
Ecotyre Scrl;Impianto di Irigom S.r.l.;1;Ciabattato (50-100mm);;1;ET26141325;PRODUTTORE 038;01/09/2026;.class1;2.000;0;no
Ecotyre Scrl;Impianto di Irigom S.r.l.;1;Ciabattato (50-100mm);;1;ET25203658;PRODUTTORE 039;02/09/2026;.class1;5.000;0;no
Ecotyre Scrl;Impianto di Irigom S.r.l.;1;Ciabattato (50-100mm);;1;ET26026928;PRODUTTORE 040;02/09/2026;.class1;3.800;0;no
Ecotyre Scrl;Impianto di Irigom S.r.l.;1;Ciabattato (50-100mm);;1;ET26090928;PRODUTTORE 041;02/09/2026;.class1;4.040;0;no
Ecotyre Scrl;Impianto di Irigom S.r.l.;1;Ciabattato (50-100mm);;1;ET26141198;PRODUTTORE 042;02/09/2026;.class1;3.040;0;no
Ecotyre Scrl;Impianto di Irigom S.r.l.;1;Ciabattato (50-100mm);;1;ET26142604;PRODUTTORE 043;02/09/2026;.class1;4.720;0;no
Ecotyre Scrl;Impianto di Irigom S.r.l.;1;Ciabattato (50-100mm);;1;SEC26142627;PRODUTTORE 044;02/09/2026;.class1;13.700;0;no
Ecotyre Scrl;Impianto di Irigom S.r.l.;1;Ciabattato (50-100mm);;1;ET26142852;PRODUTTORE 045;02/09/2026;.class1;2.240;0;no
Ecotyre Scrl;Impianto di Irigom S.r.l.;1;Ciabattato (50-100mm);;1;ET26142932;PRODUTTORE 046;02/09/2026;.class1;1.980;0;no
Ecotyre Scrl;Impianto di Irigom S.r.l.;1;Ciabattato (50-100mm);;1;ET25187631;PRODUTTORE 047;03/09/2026;.class1;6.100;0;no
Ecotyre Scrl;Impianto di Irigom S.r.l.;1;Ciabattato (50-100mm);;1;ET25238781;PRODUTTORE 048;03/09/2026;.class1;2.000;0;no
Ecotyre Scrl;Impianto di Irigom S.r.l.;1;Ciabattato (50-100mm);;1;ET26096673;PRODUTTORE 049;03/09/2026;.class1;3.000;0;no
Ecotyre Scrl;Impianto di Irigom S.r.l.;1;Ciabattato (50-100mm);;1;ET26109249;PRODUTTORE 050;03/09/2026;.class1;5.940;0;no
Ecotyre Scrl;Impianto di Irigom S.r.l.;1;Ciabattato (50-100mm);;1;ET26136460;PRODUTTORE 051;03/09/2026;.class1;3.460;0;no
Ecotyre Scrl;Impianto di Irigom S.r.l.;1;Ciabattato (50-100mm);;1;ET26143005;PRODUTTORE 052;03/09/2026;.class1;6.000;0;no
Ecotyre Scrl;Impianto di Irigom S.r.l.;1;Ciabattato (50-100mm);;1;ET26143566;PRODUTTORE 053;03/09/2026;.class1;2.220;0;no
Ecotyre Scrl;Impianto di Irigom S.r.l.;1;Ciabattato (50-100mm);;1;ET26143647;PRODUTTORE 054;03/09/2026;.class1;2.480;0;no
Ecotyre Scrl;Impianto di Irigom S.r.l.;1;Ciabattato (50-100mm);;1;ET26144101;PRODUTTORE 055;03/09/2026;.class1;1.960;0;no
Ecotyre Scrl;Impianto di Irigom S.r.l.;1;Ciabattato (50-100mm);;1;ET25194495;PRODUTTORE 056;04/09/2026;.class1;4.920;0;no
Ecotyre Scrl;Impianto di Irigom S.r.l.;1;Ciabattato (50-100mm);;1;ET25213229;PRODUTTORE 057;04/09/2026;.class1;2.460;0;no
Ecotyre Scrl;Impianto di Irigom S.r.l.;1;Ciabattato (50-100mm);;1;ET25222111;PRODUTTORE 058;04/09/2026;.class1;4.140;0;no
Ecotyre Scrl;Impianto di Irigom S.r.l.;1;Ciabattato (50-100mm);;1;ET26049258;PRODUTTORE 059;04/09/2026;.class1;3.500;0;no
Ecotyre Scrl;Impianto di Irigom S.r.l.;1;Ciabattato (50-100mm);;1;ET25173581;PRODUTTORE 060;07/09/2026;.class1;3.980;0;no
Ecotyre Scrl;Impianto di Irigom S.r.l.;1;Ciabattato (50-100mm);;1;ET25189940;PRODUTTORE 061;07/09/2026;.class1;3.700;0;no
Ecotyre Scrl;Impianto di Irigom S.r.l.;1;Ciabattato (50-100mm);;1;ET26023142;PRODUTTORE 062;07/09/2026;.class1;1.500;0;no
Ecotyre Scrl;Impianto di Irigom S.r.l.;1;Ciabattato (50-100mm);;1;ET26024696;PRODUTTORE 063;07/09/2026;.class1;6.100;0;no
Ecotyre Scrl;Impianto di Irigom S.r.l.;1;Ciabattato (50-100mm);;1;ET26113737;PRODUTTORE 064;07/09/2026;.class1;6.100;0;no
Ecotyre Scrl;Impianto di Irigom S.r.l.;1;Ciabattato (50-100mm);;1;ET26145349;PRODUTTORE 065;07/09/2026;.class2;3.240;0;no
Ecotyre Scrl;Impianto di Irigom S.r.l.;1;Ciabattato (50-100mm);;1;ET26145641;PRODUTTORE 066;07/09/2026;.class1;2.000;0;no
Ecotyre Scrl;Impianto di Irigom S.r.l.;1;Ciabattato (50-100mm);;1;SEC26146104;PRODUTTORE 067;08/09/2026;.class1;15.440;0;no
Ecotyre Scrl;Impianto di Irigom S.r.l.;1;Ciabattato (50-100mm);;1;ET26146232;PRODUTTORE 068;08/09/2026;.class1;5.340;0;no
Ecotyre Scrl;Impianto di Irigom S.r.l.;1;Ciabattato (50-100mm);;1;ET26146245;PRODUTTORE 069;08/09/2026;.class1;4.060;0;no
Ecotyre Scrl;Impianto di Irigom S.r.l.;1;Ciabattato (50-100mm);;1;ET26146369;PRODUTTORE 070;08/09/2026;.class1;2.600;0;no
Ecotyre Scrl;Impianto di Irigom S.r.l.;1;Ciabattato (50-100mm);;1;ET26146519;PRODUTTORE 071;08/09/2026;.class1;3.060;0;no
Ecotyre Scrl;Impianto di Irigom S.r.l.;1;Ciabattato (50-100mm);;1;ET25169857;PRODUTTORE 072;09/09/2026;.class1;4.620;0;no
Ecotyre Scrl;Impianto di Irigom S.r.l.;1;Ciabattato (50-100mm);;1;ET25181422;PRODUTTORE 073;09/09/2026;.class1;3.700;0;no
Ecotyre Scrl;Impianto di Irigom S.r.l.;1;Ciabattato (50-100mm);;1;ET25228904;PRODUTTORE 074;09/09/2026;.class1;1.100;0;no
Ecotyre Scrl;Impianto di Irigom S.r.l.;1;Ciabattato (50-100mm);;1;ET26031761;PRODUTTORE 075;09/09/2026;.class1;4.240;0;no
Ecotyre Scrl;Impianto di Irigom S.r.l.;1;Ciabattato (50-100mm);;1;ET26086413;PRODUTTORE 076;09/09/2026;.class1;2.600;0;no
Ecotyre Scrl;Impianto di Irigom S.r.l.;1;Ciabattato (50-100mm);;1;ET26147132;PRODUTTORE 077;09/09/2026;.class1;3.000;0;no
Ecotyre Scrl;Impianto di Irigom S.r.l.;1;Ciabattato (50-100mm);;1;ET25193193;PRODUTTORE 078;10/09/2026;.class1;3.800;0;no
Ecotyre Scrl;Impianto di Irigom S.r.l.;1;Ciabattato (50-100mm);;1;ET25203071;PRODUTTORE 079;10/09/2026;.class1;2.640;0;no
Ecotyre Scrl;Impianto di Irigom S.r.l.;1;Ciabattato (50-100mm);;1;ET25229777;PRODUTTORE 080;10/09/2026;.class2;460;0;no
Ecotyre Scrl;Impianto di Irigom S.r.l.;1;Ciabattato (50-100mm);;1;ET26023637;PRODUTTORE 081;10/09/2026;.class1;4.000;0;no
Ecotyre Scrl;Impianto di Irigom S.r.l.;1;Ciabattato (50-100mm);;1;ET26023644;PRODUTTORE 082;10/09/2026;.class3;500;0;no
Ecotyre Scrl;Impianto di Irigom S.r.l.;1;Ciabattato (50-100mm);;1;ET26023659;PRODUTTORE 083;10/09/2026;.class2;280;0;no
Ecotyre Scrl;Impianto di Irigom S.r.l.;1;Ciabattato (50-100mm);;1;ET26092811;PRODUTTORE 084;10/09/2026;.class1;4.440;0;no
Ecotyre Scrl;Impianto di Irigom S.r.l.;1;Ciabattato (50-100mm);;1;ET26147682;PRODUTTORE 085;10/09/2026;.class1;2.260;0;no
Ecotyre Scrl;Impianto di Irigom S.r.l.;1;Ciabattato (50-100mm);;1;ET26147703;PRODUTTORE 086;10/09/2026;.class1;2.880;0;no
Ecotyre Scrl;Impianto di Irigom S.r.l.;1;Ciabattato (50-100mm);;1;ET25172947;PRODUTTORE 087;11/09/2026;.class1;1.320;0;no
Ecotyre Scrl;Impianto di Irigom S.r.l.;1;Ciabattato (50-100mm);;1;ET25202756;PRODUTTORE 088;11/09/2026;.class1;4.240;0;no
Ecotyre Scrl;Impianto di Irigom S.r.l.;1;Ciabattato (50-100mm);;1;ET25203731;PRODUTTORE 089;11/09/2026;.class1;2.500;0;no
Ecotyre Scrl;Impianto di Irigom S.r.l.;1;Ciabattato (50-100mm);;1;ET26147844;PRODUTTORE 090;11/09/2026;.class1;2.620;0;no
Ecotyre Scrl;Impianto di Irigom S.r.l.;1;Ciabattato (50-100mm);;1;SEC26149239;PRODUTTORE 091;11/09/2026;.class1;14.580;0;no
Ecotyre Scrl;Impianto di Irigom S.r.l.;1;Ciabattato (50-100mm);;1;ET26149256;PRODUTTORE 092;11/09/2026;.class1;1.880;0;no
Ecotyre Scrl;Impianto di Irigom S.r.l.;1;Ciabattato (50-100mm);;1;ET25204236;PRODUTTORE 093;14/09/2026;.class1;1.660;0;no
Ecotyre Scrl;Impianto di Irigom S.r.l.;1;Ciabattato (50-100mm);;1;ET25208239;PRODUTTORE 094;14/09/2026;.class1;500;0;no
Ecotyre Scrl;Impianto di Irigom S.r.l.;1;Ciabattato (50-100mm);;1;ET25228894;PRODUTTORE 095;14/09/2026;.class1;800;0;no
Ecotyre Scrl;Impianto di Irigom S.r.l.;1;Ciabattato (50-100mm);;1;ET25230787;PRODUTTORE 096;14/09/2026;.class3;2.300;0;no
Ecotyre Scrl;Impianto di Irigom S.r.l.;1;Ciabattato (50-100mm);;1;ET26150148;PRODUTTORE 097;14/09/2026;.class1;2.760;0;no
Ecotyre Scrl;Impianto di Irigom S.r.l.;1;Ciabattato (50-100mm);;1;ET25174404;PRODUTTORE 098;15/09/2026;.class1;2.880;0;no
Ecotyre Scrl;Impianto di Irigom S.r.l.;1;Ciabattato (50-100mm);;1;ET25181856;PRODUTTORE 099;15/09/2026;.class1;1.000;0;no
Ecotyre Scrl;Impianto di Irigom S.r.l.;1;Ciabattato (50-100mm);;1;ET26014954;PRODUTTORE 100;15/09/2026;.class1;3.300;0;no
Ecotyre Scrl;Impianto di Irigom S.r.l.;1;Ciabattato (50-100mm);;1;ET26139023;PRODUTTORE 101;15/09/2026;.class1;1.640;0;no
Ecotyre Scrl;Impianto di Irigom S.r.l.;1;Ciabattato (50-100mm);;1;SEC26151181;PRODUTTORE 102;15/09/2026;.class1;14.000;0;no
Ecotyre Scrl;Impianto di Irigom S.r.l.;1;Ciabattato (50-100mm);;1;ET26008372;PRODUTTORE 103;16/09/2026;.class1;4.420;0;no
Ecotyre Scrl;Impianto di Irigom S.r.l.;1;Ciabattato (50-100mm);;1;ET26135529;PRODUTTORE 104;16/09/2026;.class1;4.100;0;no
Ecotyre Scrl;Impianto di Irigom S.r.l.;1;Ciabattato (50-100mm);;1;ET25183941;PRODUTTORE 105;17/09/2026;.class1;1.000;0;no
Ecotyre Scrl;Impianto di Irigom S.r.l.;1;Ciabattato (50-100mm);;1;ET26150130;PRODUTTORE 106;17/09/2026;.class1;680;0;no
Ecotyre Scrl;Impianto di Irigom S.r.l.;1;Ciabattato (50-100mm);;1;ET26152458;PRODUTTORE 107;17/09/2026;.class2;3.020;0;no
Ecotyre Scrl;Impianto di Irigom S.r.l.;1;Ciabattato (50-100mm);;1;ET25226919;PRODUTTORE 108;18/09/2026;.class1;1.500;0;no
Ecotyre Scrl;Impianto di Irigom S.r.l.;1;Ciabattato (50-100mm);;1;ET26152895;PRODUTTORE 109;18/09/2026;.class1;3.000;0;no
Ecotyre Scrl;Impianto di Irigom S.r.l.;1;Ciabattato (50-100mm);;1;ET26153579;PRODUTTORE 110;18/09/2026;.class1;3.980;0;no
Ecotyre Scrl;Impianto di Irigom S.r.l.;1;Ciabattato (50-100mm);;1;ET26156090;PRODUTTORE 111;22/09/2026;.class1;2.180;0;no
Ecotyre Scrl;Impianto di Irigom S.r.l.;1;Ciabattato (50-100mm);;1;SEC26156349;PRODUTTORE 112;22/09/2026;.class1;13.780;0;no
Ecotyre Scrl;Impianto di Irigom S.r.l.;1;Ciabattato (50-100mm);;1;ET26017355;PRODUTTORE 113;23/09/2026;.class1;1.620;0;no
Ecotyre Scrl;Impianto di Irigom S.r.l.;1;Ciabattato (50-100mm);;1;ET26038380;PRODUTTORE 114;23/09/2026;.class1;4.060;0;no
Ecotyre Scrl;Impianto di Irigom S.r.l.;1;Ciabattato (50-100mm);;1;ET26062226;PRODUTTORE 115;23/09/2026;.class1;2.040;0;no
Ecotyre Scrl;Impianto di Irigom S.r.l.;1;Ciabattato (50-100mm);;1;ET26155880;PRODUTTORE 116;23/09/2026;.class2;3.360;0;no
Ecotyre Scrl;Impianto di Irigom S.r.l.;1;Ciabattato (50-100mm);;1;ET26156019;PRODUTTORE 117;23/09/2026;.class1;2.020;0;no
Ecotyre Scrl;Impianto di Irigom S.r.l.;1;Ciabattato (50-100mm);;1;ET26157263;PRODUTTORE 118;23/09/2026;.class1;4.020;0;no
Ecotyre Scrl;Impianto di Irigom S.r.l.;1;Ciabattato (50-100mm);;1;ET26030069;PRODUTTORE 119;24/09/2026;.class2;4.120;0;no
Ecotyre Scrl;Impianto di Irigom S.r.l.;1;Ciabattato (50-100mm);;1;ET26030076;PRODUTTORE 120;24/09/2026;.class1;4.700;0;no
Ecotyre Scrl;Impianto di Irigom S.r.l.;1;Ciabattato (50-100mm);;1;ET26049994;PRODUTTORE 121;24/09/2026;.class1;1.820;0;no
Ecotyre Scrl;Impianto di Irigom S.r.l.;1;Ciabattato (50-100mm);;1;ET26057423;PRODUTTORE 122;24/09/2026;.class1;1.500;0;no
Ecotyre Scrl;Impianto di Irigom S.r.l.;1;Ciabattato (50-100mm);;1;ET26156440;PRODUTTORE 123;24/09/2026;.class2;3.440;0;no
Ecotyre Scrl;Impianto di Irigom S.r.l.;1;Ciabattato (50-100mm);;1;ET25202469;PRODUTTORE 124;25/09/2026;.class1;1.460;0;no
Ecotyre Scrl;Impianto di Irigom S.r.l.;1;Ciabattato (50-100mm);;1;ET26020660;PRODUTTORE 125;25/09/2026;.class1;3.920;0;no
Ecotyre Scrl;Impianto di Irigom S.r.l.;1;Ciabattato (50-100mm);;1;ET26020813;PRODUTTORE 126;25/09/2026;.class1;3.000;0;no
Ecotyre Scrl;Impianto di Irigom S.r.l.;1;Ciabattato (50-100mm);;1;ET26020832;PRODUTTORE 127;25/09/2026;.class2;2.340;0;no
Ecotyre Scrl;Impianto di Irigom S.r.l.;1;Ciabattato (50-100mm);;1;ET26146629;PRODUTTORE 128;28/09/2026;.class1;4.820;0;no
Ecotyre Scrl;Impianto di Irigom S.r.l.;1;Ciabattato (50-100mm);;1;ET26147483;PRODUTTORE 129;28/09/2026;.class1;4.000;0;no
Ecotyre Scrl;Impianto di Irigom S.r.l.;1;Ciabattato (50-100mm);;1;ET26150045;PRODUTTORE 130;28/09/2026;.class1;1.400;0;no
Ecotyre Scrl;Impianto di Irigom S.r.l.;1;Ciabattato (50-100mm);;1;ET26158266;PRODUTTORE 131;28/09/2026;.class1;4.100;0;no
Ecotyre Scrl;Impianto di Irigom S.r.l.;1;Ciabattato (50-100mm);;1;ET26038346;PRODUTTORE 132;29/09/2026;.class1;2.700;0;no
Ecotyre Scrl;Impianto di Irigom S.r.l.;1;Ciabattato (50-100mm);;1;ET26142909;PRODUTTORE 133;29/09/2026;.class1;2.500;0;no
Ecotyre Scrl;Impianto di Irigom S.r.l.;1;Ciabattato (50-100mm);;1;ET26142913;PRODUTTORE 134;29/09/2026;.class2;2.620;0;no
Ecotyre Scrl;Impianto di Irigom S.r.l.;1;Ciabattato (50-100mm);;1;ET26158751;PRODUTTORE 135;29/09/2026;.class1;3.820;0;no
Ecotyre Scrl;Impianto di Irigom S.r.l.;1;Ciabattato (50-100mm);;1;ET26028550;PRODUTTORE 136;30/09/2026;.class1;4.100;0;no
Ecotyre Scrl;Impianto di Irigom S.r.l.;1;Ciabattato (50-100mm);;1;ET26054221;PRODUTTORE 137;30/09/2026;.class1;3.200;0;no
Ecotyre Scrl;Impianto di Irigom S.r.l.;1;Ciabattato (50-100mm);;1;ET26056847;PRODUTTORE 138;30/09/2026;.class2;1.020;0;no
Ecotyre Scrl;Impianto di Irigom S.r.l.;1;Ciabattato (50-100mm);;1;ET26023745;PRODUTTORE 139;01/10/2026;.class1;15.660;0;no
Ecotyre Scrl;Impianto di Irigom S.r.l.;1;Ciabattato (50-100mm);;1;ET26027398;PRODUTTORE 140;01/10/2026;.class1;3.700;0;no
Ecotyre Scrl;Impianto di Irigom S.r.l.;1;Ciabattato (50-100mm);;1;ET26030762;PRODUTTORE 141;01/10/2026;.class1;800;0;no
Ecotyre Scrl;Impianto di Irigom S.r.l.;1;Ciabattato (50-100mm);;1;ET26030770;PRODUTTORE 142;01/10/2026;.class2;200;0;no
Ecotyre Scrl;Impianto di Irigom S.r.l.;1;Ciabattato (50-100mm);;1;ET26161323;PRODUTTORE 143;01/10/2026;.class1;2.940;0;no
